<configuration>

    <!-- Define appenders -->
    <appender name="myConsole" class="ch.qos.logback.core.ConsoleAppender">
        <encoder>
            <pattern>%highlight([%thread]) %highlight(%-5level) %logger{36} - %highlight(%msg) %d{dd/MM/YYYY HH:mm:ss} %n</pattern>
        </encoder>
    </appender>

    <!-- Define file appender -->
    <appender name="myLogs" class="ch.qos.logback.core.FileAppender">
        <file>C:\DLTE_JavaFullStack-Annapoorna2024\Weekly_Review\log\app.log</file> <!-- Define log file name and path -->
        <encoder>
            <pattern>%d{HH:mm:ss.SSS} %highlight([%thread]) %-5level %logger{36} - %highlight(%msg) %n</pattern>
        </encoder>

        <rollingPolicy class="ch.qos.logback.core.rolling.SizeAndTimeBasedRollingPolicy">
            <fileNamePattern>C:\DLTE_JavaFullStack-Annapoorna2024\Weekly_Review\log\app.%d{yyyy-MM-dd}.%i.log</fileNamePattern>
            <maxFileSize>1KB</maxFileSize>
            <maxHistory>1</maxHistory>
        </rollingPolicy>
    </appender>
    <!-- Root logger settings -->
    <root level="INFO">
        <appender-ref ref="myConsole" />
        <appender-ref ref="myLogs" /> <!-- Attach file appender -->
    </root>

</configuration>